{"A": {"right": 59, "all": 85, "percentage": 0.6941176470588235}, "G": {"right": 70, "all": 100, "percentage": 0.7}, "D": {"right": 20, "all": 59, "percentage": 0.3389830508474576}, "0": {"right": 6, "all": 56, "percentage": 0.10714285714285714}, "2": {"right": 48, "all": 82, "percentage": 0.5853658536585366}, "Z": {"right": 31, "all": 81, "percentage": 0.38271604938271603}, "1": {"right": 1, "all": 55, "percentage": 0.01818181818181818}, "I": {"right": 2, "all": 53, "percentage": 0.03773584905660377}, "7": {"right": 14, "all": 52, "percentage": 0.2692307692307692}, "4": {"right": 30, "all": 50, "percentage": 0.6}, "3": {"right": 26, "all": 53, "percentage": 0.49056603773584906}, "8": {"right": 29, "all": 50, "percentage": 0.58}, "5": {"right": 23, "all": 80, "percentage": 0.2875}, "9": {"right": 4, "all": 84, "percentage": 0.047619047619047616}}