{"A": {"right": 80, "all": 108, "percentage": 0.7407407407407407}, "G": {"right": 90, "all": 116, "percentage": 0.7758620689655172}, "D": {"right": 40, "all": 118, "percentage": 0.3389830508474576}, "0": {"right": 12, "all": 112, "percentage": 0.10714285714285714}, "2": {"right": 74, "all": 108, "percentage": 0.6851851851851852}, "Z": {"right": 36, "all": 106, "percentage": 0.33962264150943394}, "1": {"right": 2, "all": 110, "percentage": 0.01818181818181818}, "I": {"right": 4, "all": 106, "percentage": 0.03773584905660377}, "7": {"right": 28, "all": 104, "percentage": 0.2692307692307692}, "4": {"right": 60, "all": 100, "percentage": 0.6}, "3": {"right": 52, "all": 106, "percentage": 0.49056603773584906}, "8": {"right": 58, "all": 100, "percentage": 0.58}, "5": {"right": 44, "all": 104, "percentage": 0.4230769230769231}, "9": {"right": 8, "all": 112, "percentage": 0.07142857142857142}}